<?xml version="1.0" encoding="UTF-8"?><rss version="2.0"
	xmlns:content="http://purl.org/rss/1.0/modules/content/"
	xmlns:dc="http://purl.org/dc/elements/1.1/"
	xmlns:atom="http://www.w3.org/2005/Atom"
	xmlns:sy="http://purl.org/rss/1.0/modules/syndication/"
	
	>
<channel>
	<title>
	Comments on: Sample Page	</title>
	<atom:link href="https://hungry-shirley-912994.netlify.app/sample-page/feed/" rel="self" type="application/rss+xml" />
	<link>https://hungry-shirley-912994.netlify.app/</link>
	<description>Just another WordPress site</description>
	<lastBuildDate>Wed, 28 Apr 2021 09:54:51 +0000</lastBuildDate>
	<sy:updatePeriod>
	hourly	</sy:updatePeriod>
	<sy:updateFrequency>
	1	</sy:updateFrequency>
	<generator>https://wordpress.org/?v=5.7.1</generator>
</channel>
</rss>
