<?xml version="1.0" encoding="UTF-8"?><rss version="2.0"
	xmlns:content="http://purl.org/rss/1.0/modules/content/"
	xmlns:wfw="http://wellformedweb.org/CommentAPI/"
	xmlns:dc="http://purl.org/dc/elements/1.1/"
	xmlns:atom="http://www.w3.org/2005/Atom"
	xmlns:sy="http://purl.org/rss/1.0/modules/syndication/"
	xmlns:slash="http://purl.org/rss/1.0/modules/slash/"
	>

<channel>
	<title>Madge USA</title>
	<atom:link href="https://hungry-shirley-912994.netlify.app/feed/" rel="self" type="application/rss+xml" />
	<link>https://hungry-shirley-912994.netlify.app/</link>
	<description>Just another WordPress site</description>
	<lastBuildDate>Wed, 28 Apr 2021 09:54:51 +0000</lastBuildDate>
	<language>en-US</language>
	<sy:updatePeriod>
	hourly	</sy:updatePeriod>
	<sy:updateFrequency>
	1	</sy:updateFrequency>
	<generator>https://wordpress.org/?v=5.7.1</generator>
	<item>
		<title>Hello world!</title>
		<link>https://hungry-shirley-912994.netlify.app/2021/04/28/hello-world/</link>
					<comments>https://hungry-shirley-912994.netlify.app/2021/04/28/hello-world/#comments</comments>
		
		<dc:creator><![CDATA[madgeusa]]></dc:creator>
		<pubDate>Wed, 28 Apr 2021 09:54:51 +0000</pubDate>
				<category><![CDATA[Uncategorized]]></category>
		<guid isPermaLink="false">https://hungry-shirley-912994.netlify.app/?p=1</guid>

					<description><![CDATA[Welcome to WordPress. This is your first post. Edit or delete it, then start writing!]]></description>
										<content:encoded><![CDATA[
<p>Welcome to WordPress. This is your first post. Edit or delete it, then start writing!</p>
]]></content:encoded>
					
					<wfw:commentRss>https://hungry-shirley-912994.netlify.app/2021/04/28/hello-world/feed/</wfw:commentRss>
			<slash:comments>1</slash:comments>
		
		
			</item>
	</channel>
</rss>
